,count,mean,std,min,1%,5%,25%,50%,75%,95%,99%,max
Units,10066.0,10.084840055632823,30.56141609383434,1.0,2.0,4.0,6.0,8.0,10.0,13.0,16.0,596.0
UnitPrice,10066.0,763.2442310749055,542.5298046369379,10.01,16.223,38.225,311.76,733.79,1131.34,1798.81,1956.8805,1999.46
UnitCost,10066.0,534.3301659050268,383.1641972653938,6.43,11.026499999999999,26.5925,208.53,509.635,790.9100000000001,1247.88,1440.7000000000007,1583.37
DiscountRate,10016.0,0.14833666134185303,0.08579270537378113,0.0,0.0,0.02,0.07,0.15,0.22,0.28,0.3,0.3
